,format,time
0,xml,20.19003543799954
1,csv,1.9741181899998992
2,json,1.9293821979999848
3,excel,32.765784150999934
4,pickle,0.23206187799951294
5,hdf,0.9679142280001543
6,parquet,0.836372847000348
7,feather,0.30393546699997387
