,format,time,size
0,xml,4.86008125599983,58841504
1,csv,3.6882532459994763,49413420
2,json,1.0300375340002574,54518241
3,excel,36.83273975700013,11881767
4,pickle,0.387243605000549,43972663
5,hdf,0.6706973489999655,344110264
6,parquet,1.1553912380004476,15155303
7,feather,0.5344678430001295,14005226
